Page,Link,CompName,CompDirs,CompTels,CompEmls,CompAddr,CompCity,CompStat,CompPins,CompErrs
0,/sme-india/maharashtra/mumbai/1-up-clothing-co,,,,1-upclothing@yahoo.com,"120, Bhumi Plaza, Senapati Bapat Marg Cross Road, Dadar West, Mumbai",,,, Name Dirs Tels Pins
0,/sme-india/maharashtra/mumbai/3d-networks-pvt-ltd,,,,info@wipro.com,"SAARC, Universal Buss. Park, 4th Floor, Near Kamani Oil Depo. Lane, Saki Vihar Rd. Kandivali, Andheri (E), Mumbai",,,, Name Dirs Tels Pins
0,/sme-india/maharashtra/mumbai/a-g-technologies-pvt-ltd,,,,anish.goenka@ag-technologies.com,"Plot No.92, Road No.16, M.I.D.C. Marol, Andheri (East)",,,, Name Dirs Tels Pins
0,/sme-india/maharashtra/mumbai/a-l-m-engineering-instrumentation-pvt-ltd,,,,sarfraz@almontazar.in,"304, Damji Shamji Industrial Complx LBS Marg, Kurla(W), Mumbai",,,, Name Dirs Tels Pins
0,/sme-india/maharashtra/mumbai/a-1-industries,,,,aoneind@vsnl.com,"Block No.1, 20-A, J.Karia Industrial Estate, 2nd Floor, Mussa Killedar St. K.K.Marg",,,, Name Dirs Tels Pins
0,/sme-india/maharashtra/mumbai/a-i-m-exports,,,,aimexports@hotmail.com,"Shop No. 150, C. B. Street, Opp. Null Bazar Market Mumbai",,,, Name Dirs Tels Pins
0,/sme-india/maharashtra/mumbai/a-k-impex,,,,aju_sayyed@vsnl.net,"Aroto House, Ground Floor, Gala No. 3 P.K.Road, Mulund (W), Mumbai",,,, Name Dirs Tels Pins
0,/sme-india/maharashtra/mumbai/a-k-motiwala-exports,,,,ak_motiwala@rediffmail.com,"Mangal Darshan, Shop No. 5, Jun. Of Turner Road, Waterfield Road, Bandra Mumbai",,,, Name Dirs Tels Pins
0,/sme-india/maharashtra/mumbai/a-m-associates,,,,aasm@smgkgroup.com,"Usman Umar & Sons, 20 S. V. Road Opp.Andheri,Sub-Way, Andheri(w), Mumbai",,,, Name Dirs Tels Pins
0,/sme-india/maharashtra/mumbai/aai-international,,,,archana@bom5.vsnl.net.in,"Central Bank Of India, Main Bldg., 12-A, 4th Floor, M. G. Road, Fort, Mumbai",,,, Name Dirs Tels Pins
0,/sme-india/maharashtra/mumbai/aakash-engineers,,,,,,,,,
0,/sme-india/maharashtra/mumbai/aarya-international,,,,,,,,,
0,/sme-india/maharashtra/mumbai/aasiya-exports,,,,,,,,,
0,/sme-india/maharashtra/mumbai/aavran-exports-india,,,,,,,,,
0,/sme-india/maharashtra/mumbai/abc-chemical-export-pvt-ltd,,,,,,,,,
0,/sme-india/maharashtra/mumbai/abg-shipyard-ltd,,,,,,,,,
0,/sme-india/maharashtra/mumbai/abhishek-infotech-pvt-ltd,,,,,,,,,
0,/sme-india/maharashtra/mumbai/abm-architects-pvt-ltd,,,,,,,,,
0,/sme-india/maharashtra/mumbai/abn-amro-central-enterprise-services-pvt-ltd,,,,,,,,,
0,/sme-india/maharashtra/mumbai/abu-dhabi-commercial-bank-ltd,,,,,,,,,
0,/sme-india/maharashtra/mumbai/accutrol-systems-pvt-ltd,,,,,,,,,
0,/sme-india/maharashtra/mumbai/aces-enterprises,,,,,,,,,
0,/sme-india/maharashtra/mumbai/acharya-exports,,,,,,,,,
0,/sme-india/maharashtra/mumbai/acme-mechinery-co,,,,,,,,,
0,/sme-india/maharashtra/mumbai/acrysil-india-ltd,,,,,,,,,
0,/sme-india/maharashtra/mumbai/adaqi-infra-pvt-ltd,,,,,,,,,
0,/sme-india/maharashtra/mumbai/adarsh-infrainterio-p-ltd,,,,,,,,,
0,/sme-india/maharashtra/mumbai/adil-arts,,,,,,,,,
0,/sme-india/maharashtra/mumbai/aditya-industries,,,,,,,,,
0,/sme-india/maharashtra/mumbai/aditya-jyot-eye-hospital-pvt-ltd,,,,,,,,,
0,/sme-india/maharashtra/mumbai/ador-welding-limited,,,,,,,,,
0,/sme-india/maharashtra/mumbai/advance-grp-cooling-towers-pvt-ltd,,,,,,,,,
0,/sme-india/maharashtra/mumbai/adventity-bpo-india-pvt-ltd,,,,,,,,,
0,/sme-india/maharashtra/mumbai/aegis-tech-ltd,,,,,,,,,
0,/sme-india/maharashtra/mumbai/aeroquip-cooling-systems,,,,,,,,,
0,/sme-india/maharashtra/mumbai/affarsstrategerna-think-tech-technologies-pvt-ltd,,,,,,,,,
0,/sme-india/maharashtra/mumbai/agarwal-engineering-corportion,,,,,,,,,
0,/sme-india/maharashtra/mumbai/agricon-industries,,,,,,,,,
0,/sme-india/maharashtra/mumbai/ahad-international,,,,,,,,,
0,/sme-india/maharashtra/mumbai/aic-overseas-pvt-ltd,,,,,,,,,
0,/sme-india/maharashtra/mumbai/aimco-pesticides-ltd,,,,,,,,,
0,/sme-india/maharashtra/mumbai/airpac-exprots,,,,,,,,,
0,/sme-india/maharashtra/mumbai/aishwarya-tools-dies,,,,,,,,,
0,/sme-india/maharashtra/mumbai/ajanta-marbles-pvt-ltd,,,,,,,,,
0,/sme-india/maharashtra/mumbai/ajanta-pharma-limited,,,,,,,,,
0,/sme-india/maharashtra/mumbai/ajeets-management-contracting-consultancy-pvt-ltd,,,,,,,,,
0,/sme-india/maharashtra/mumbai/ajmal-fragrances-fashions-pvt-ltd,,,,,,,,,
0,/sme-india/maharashtra/mumbai/ajosha-bioteknik-p-ltd,,,,,,,,,
0,/sme-india/maharashtra/mumbai/akay-industries-pvt-ltd,,,,,,,,,
0,/sme-india/maharashtra/mumbai/al-awwal-garments,,,,,,,,,
1,/sme-india/maharashtra/mumbai/al-zoeb-exporters,,,,,,,,,
1,/sme-india/maharashtra/mumbai/al-aziz-plastics-pvt-ltd,,,,,,,,,
1,/sme-india/maharashtra/mumbai/al-jadid-enterprises,,,,,,,,,
1,/sme-india/maharashtra/mumbai/alan-electronic-systems-p-ltd,,,,,,,,,
1,/sme-india/maharashtra/mumbai/albatross-marine-services,,,,,,,,,
1,/sme-india/maharashtra/mumbai/aleesha-impex,,,,,,,,,
1,/sme-india/maharashtra/mumbai/alfa-exports,,,,,,,,,
1,/sme-india/maharashtra/mumbai/alfa-exports,,,,,,,,,
1,/sme-india/maharashtra/mumbai/alif-international-pvt-ltd,,,,,,,,,
1,/sme-india/maharashtra/mumbai/alka-enterprises,,,,,,,,,
1,/sme-india/maharashtra/mumbai/alka-exports,,,,,,,,,
1,/sme-india/maharashtra/mumbai/alkem-laboratories-ltd,,,,,,,,,
1,/sme-india/maharashtra/mumbai/alkon-plastics-pvt-ltd,,,,,,,,,
1,/sme-india/maharashtra/mumbai/allana-sons-ltd,,,,,,,,,
1,/sme-india/maharashtra/mumbai/alliance-engg-co,,,,,,,,,
1,/sme-india/maharashtra/mumbai/allied-engineers-fabricators,,,,,,,,,
1,/sme-india/maharashtra/mumbai/almighty-international-log-i-pvt-ltd,,,,,,,,,
1,/sme-india/maharashtra/mumbai/almonard-p-ltd,,,,,,,,,
1,/sme-india/maharashtra/mumbai/almonard-pvt-ltd,,,,,,,,,
1,/sme-india/maharashtra/mumbai/alok-graphics-p-ltd,,,,,,,,,
1,/sme-india/maharashtra/mumbai/alpha-indl-engg-project,,,,,,,,,
1,/sme-india/maharashtra/mumbai/alpine-stampings,,,,,,,,,
1,/sme-india/maharashtra/mumbai/alvarez-marsal-india-pvt-ltd,,,,,,,,,
1,/sme-india/maharashtra/mumbai/amalgamated-industrial-composities,,,,,,,,,
1,/sme-india/maharashtra/mumbai/amardeep-seating-systems,,,,,,,,,
1,/sme-india/maharashtra/mumbai/ambex-international,,,,,,,,,
1,/sme-india/maharashtra/mumbai/ambica-paper-ind-pvt-ltd,,,,,,,,,
1,/sme-india/maharashtra/mumbai/ameeta-industries,,,,,,,,,
1,/sme-india/maharashtra/mumbai/amelio-medicorp,,,,,,,,,
1,/sme-india/maharashtra/mumbai/amiga-electricals-engg-works,,,,,,,,,
1,/sme-india/maharashtra/mumbai/amina-crafts,,,,,,,,,
1,/sme-india/maharashtra/mumbai/amir-impex,,,,,,,,,
1,/sme-india/maharashtra/mumbai/amiti-india-bazaar,,,,,,,,,
1,/sme-india/maharashtra/mumbai/amrita-export,,,,,,,,,
1,/sme-india/maharashtra/mumbai/amrut-software-pvt-ltd,,,,,,,,,
1,/sme-india/maharashtra/mumbai/anand-arc-ltd,,,,,,,,,
1,/sme-india/maharashtra/mumbai/anand-engineers-p-ltd,,,,,,,,,
1,/sme-india/maharashtra/mumbai/anand-gas-services,,,,,,,,,
1,/sme-india/maharashtra/mumbai/angel%60s-metal-corporation,,,,,,,,,
1,/sme-india/maharashtra/mumbai/ankit-engg-works,,,,,,,,,
1,/sme-india/maharashtra/mumbai/ankit-overseas,,,,,,,,,
1,/sme-india/maharashtra/mumbai/ankita-industries,,,,,,,,,
1,/sme-india/maharashtra/mumbai/ankruja-engineers,,,,,,,,,
1,/sme-india/maharashtra/mumbai/annapurna-apparels-limited,,,,,,,,,
1,/sme-india/maharashtra/mumbai/anoop-enterprises,,,,,,,,,
1,/sme-india/maharashtra/mumbai/anuron-hitech-pvt-ltd,,,,,,,,,
1,/sme-india/maharashtra/mumbai/apar-industries-ltd,,,,,,,,,
1,/sme-india/maharashtra/mumbai/apex-cosmetics,,,,,,,,,
1,/sme-india/maharashtra/mumbai/apex-electromec-pharma-pvt-ltd,,,,,,,,,
1,/sme-india/maharashtra/mumbai/aptivaa-consulting-solutions-p-ltd,,,,,,,,,
2,/sme-india/maharashtra/mumbai/apurva-printers,,,,,,,,,
2,/sme-india/maharashtra/mumbai/aramex-india-pvt-ltd,,,,,,,,,
2,/sme-india/maharashtra/mumbai/archiee-impex,,,,,,,,,
2,/sme-india/maharashtra/mumbai/arete-financial-partners,,,,,,,,,
2,/sme-india/maharashtra/mumbai/arihant-enterprises,,,,,,,,,
2,/sme-india/maharashtra/mumbai/arihant-textiles,,,,,,,,,
2,/sme-india/maharashtra/mumbai/aristocrat-luggage-limited,,,,,,,,,
2,/sme-india/maharashtra/mumbai/arjun-autocom-p-ltd,,,,,,,,,
2,/sme-india/maharashtra/mumbai/arrow-coated-products-ltd,,,,,,,,,
2,/sme-india/maharashtra/mumbai/artek-exports-pvt-ltd,,,,,,,,,
2,/sme-india/maharashtra/mumbai/arya-crafts-engineering-pvt-ltd,,,,,,,,,
2,/sme-india/maharashtra/mumbai/arya-international-trading-corporation,,,,,,,,,
2,/sme-india/maharashtra/mumbai/aryaan-global-links,,,,,,,,,
2,/sme-india/maharashtra/mumbai/ascent-networking-pvt-ltd,,,,,,,,,
2,/sme-india/maharashtra/mumbai/ashapura-exports-pvt-ltd,,,,,,,,,
2,/sme-india/maharashtra/mumbai/ashapura-minechem-limited,,,,,,,,,
2,/sme-india/maharashtra/mumbai/ashco-industries-ltd,,,,,,,,,
2,/sme-india/maharashtra/mumbai/ashish-metal-cutting-works,,,,,,,,,
2,/sme-india/maharashtra/mumbai/ashok-industry,,,,,,,,,
2,/sme-india/maharashtra/mumbai/ashok-oil-mills,,,,,,,,,
2,/sme-india/maharashtra/mumbai/ashtapad-overseas,,,,,,,,,
2,/sme-india/maharashtra/mumbai/ashtech-infotech-pvt-ltd,,,,,,,,,
2,/sme-india/maharashtra/mumbai/ashwayadnya-mudran-prakashan-sahakari-sansthan-maryadit,,,,,,,,,
2,/sme-india/maharashtra/mumbai/asiad-steels,,,,,,,,,
2,/sme-india/maharashtra/mumbai/asian-impex,,,,,,,,,
2,/sme-india/maharashtra/mumbai/asian-plastowares-pvt-ltd,,,,,,,,,
2,/sme-india/maharashtra/mumbai/asiatic-trading-house,,,,,,,,,
2,/sme-india/maharashtra/mumbai/asm-industries-india-pvt-ltd,,,,,,,,,
2,/sme-india/maharashtra/mumbai/associate-exports,,,,,,,,,
2,/sme-india/maharashtra/mumbai/associated-engineers,,,,,,,,,
2,/sme-india/maharashtra/mumbai/associated-engineers,,,,,,,,,
2,/sme-india/maharashtra/mumbai/aswathi-industries-ltd,,,,,,,,,
2,/sme-india/maharashtra/mumbai/atlanta-forms-p-ltd,,,,,,,,,
2,/sme-india/maharashtra/mumbai/atlas-textiles-p-ltd,,,,,,,,,
2,/sme-india/maharashtra/mumbai/atos-origin-india-private-limited,,,,,,,,,
2,/sme-india/maharashtra/mumbai/auro-gold-jewellery-pvt-ltd,,,,,,,,,
2,/sme-india/maharashtra/mumbai/aurochem-laboratories-india-pvt-ltd,,,,,,,,,
2,/sme-india/maharashtra/mumbai/auronova-consulting-solutions-pvt-ltd,,,,,,,,,
2,/sme-india/maharashtra/mumbai/automatic-electric-ltd,,,,,,,,,
2,/sme-india/maharashtra/mumbai/automation-control-c-o-sai-link,,,,,,,,,
2,/sme-india/maharashtra/mumbai/automove-industries,,,,,,,,,
2,/sme-india/maharashtra/mumbai/autosys,,,,,,,,,
2,/sme-india/maharashtra/mumbai/autotech-international,,,,,,,,,
2,/sme-india/maharashtra/mumbai/available-design-house,,,,,,,,,
2,/sme-india/maharashtra/mumbai/avcon-metal-industries,,,,,,,,,
2,/sme-india/maharashtra/mumbai/aver-led-solar-energy-p-ltd,,,,,,,,,
2,/sme-india/maharashtra/mumbai/avi-lavi-impex,,,,,,,,,
2,/sme-india/maharashtra/mumbai/avishkar-international-pvt-ltd,,,,,,,,,
2,/sme-india/maharashtra/mumbai/avni-designs,,,,,,,,,
2,/sme-india/maharashtra/mumbai/avocent-networking-products-pvt-ltd-avocent-india,,,,,,,,,
3,/sme-india/maharashtra/mumbai/avon-lifestyle-products-pvt-ltd,,,,,,,,,
3,/sme-india/maharashtra/mumbai/axis-impex,,,,,,,,,
3,/sme-india/maharashtra/mumbai/ayush-automisers,,,,,,,,,
3,/sme-india/maharashtra/mumbai/ayyoor-trading-company,,,,,,,,,
3,/sme-india/maharashtra/mumbai/azmi-enterprises,,,,,,,,,
3,/sme-india/maharashtra/mumbai/b-d-k-engineering-industries-ltd,,,,,,,,,
3,/sme-india/maharashtra/mumbai/b-n-exports,,,,,,,,,
3,/sme-india/maharashtra/mumbai/b-r-petrochem-pvt-ltd,,,,,,,,,
3,/sme-india/maharashtra/mumbai/b-e-m-co-p-ltd,,,,,,,,,
3,/sme-india/maharashtra/mumbai/balbir-rolling-mills-ltd,,,,,,,,,
3,/sme-india/maharashtra/mumbai/balu-india,,,,,,,,,
3,/sme-india/maharashtra/mumbai/banbury-exports,,,,,,,,,
3,/sme-india/maharashtra/mumbai/bardolia-international,,,,,,,,,
3,/sme-india/maharashtra/mumbai/bdp-india-pvt-ltd,,,,,,,,,
3,/sme-india/maharashtra/mumbai/beans-intellect-financial-technology-p-ltd,,,,,,,,,
3,/sme-india/maharashtra/mumbai/bebe-cherie,,,,,,,,,
3,/sme-india/maharashtra/mumbai/bell-o-bell-impex-p-ltd,,,,,,,,,
3,/sme-india/maharashtra/mumbai/benchmark-clothing-pvt-ltd,,,,,,,,,
3,/sme-india/maharashtra/mumbai/beni-impex,,,,,,,,,
3,/sme-india/maharashtra/mumbai/best-express-shipping-transport-pvt-ltd,,,,,,,,,
3,/sme-india/maharashtra/mumbai/bhadra-trading-corporation,,,,,,,,,
3,/sme-india/maharashtra/mumbai/bhadrak-company,,,,,,,,,
3,/sme-india/maharashtra/mumbai/bhandari-gold-and-jewellers-pvt-ltd,,,,,,,,,
3,/sme-india/maharashtra/mumbai/bhansali-trade-impex,,,,,,,,,
3,/sme-india/maharashtra/mumbai/bharat-boring-works,,,,,,,,,
3,/sme-india/maharashtra/mumbai/bharat-engineering-works,,,,,,,,,
3,/sme-india/maharashtra/mumbai/bharat-gasket-industries,,,,,,,,,
3,/sme-india/maharashtra/mumbai/bharat-industries,,,,,,,,,
3,/sme-india/maharashtra/mumbai/bharat-tin-works,,,,,,,,,
3,/sme-india/maharashtra/mumbai/bharat-tin-works,,,,,,,,,
3,/sme-india/maharashtra/mumbai/bharat-traders,,,,,,,,,
3,/sme-india/maharashtra/mumbai/bharat-traders,,,,,,,,,
3,/sme-india/maharashtra/mumbai/bharati-fire-engineers,,,,,,,,,
3,/sme-india/maharashtra/mumbai/bharatkumar-company,,,,,,,,,
3,/sme-india/maharashtra/mumbai/bharwani-bros-co,,,,,,,,,
3,/sme-india/maharashtra/mumbai/bhatawadekar-bros-pvt-ltd,,,,,,,,,
3,/sme-india/maharashtra/mumbai/bhatia-industries,,,,,,,,,
3,/sme-india/maharashtra/mumbai/bhuwal-insulation-cable-p-ltd,,,,,,,,,
3,/sme-india/maharashtra/mumbai/billjunction-payments-limited,,,,,,,,,
3,/sme-india/maharashtra/mumbai/biogenics-i-ltd,,,,,,,,,
3,/sme-india/maharashtra/mumbai/bishan-steel-industries,,,,,,,,,
3,/sme-india/maharashtra/mumbai/blow-king,,,,,,,,,
3,/sme-india/maharashtra/mumbai/bombay-ammonia-chemical-co,,,,,,,,,
3,/sme-india/maharashtra/mumbai/bombay-rayon-fashions-ltd,,,,,,,,,
3,/sme-india/maharashtra/mumbai/bombay-traders,,,,,,,,,
3,/sme-india/maharashtra/mumbai/bonny-creation-pvt-ltd,,,,,,,,,
3,/sme-india/maharashtra/mumbai/boskina-industries,,,,,,,,,
3,/sme-india/maharashtra/mumbai/boutique-impex,,,,,,,,,
3,/sme-india/maharashtra/mumbai/brainstorming-company-international-pvt-ltd,,,,,,,,,
3,/sme-india/maharashtra/mumbai/brassco-extrusion-ltd,,,,,,,,,
4,/sme-india/maharashtra/mumbai/bright-stars,,,,,,,,,
4,/sme-india/maharashtra/mumbai/bristol-bakery,,,,,,,,,
4,/sme-india/maharashtra/mumbai/britto-pharma-machines,,,,,,,,,
4,/sme-india/maharashtra/mumbai/brom-chem-india-pvt-ltd,,,,,,,,,
4,/sme-india/maharashtra/mumbai/brooks-cable-works,,,,,,,,,
4,/sme-india/maharashtra/mumbai/bumper-india-pvt-ltd,,,,,,,,,
4,/sme-india/maharashtra/mumbai/c-v-h-exports,,,,,,,,,
4,/sme-india/maharashtra/mumbai/c-tech-corporation,,,,,,,,,
4,/sme-india/maharashtra/mumbai/c-p-exports,,,,,,,,,
4,/sme-india/maharashtra/mumbai/ca-computer-associates-india-pvt-ltd,,,,,,,,,
4,/sme-india/maharashtra/mumbai/cactus-communications-pvt-ltd,,,,,,,,,
4,/sme-india/maharashtra/mumbai/calchem-industries-i-ltd,,,,,,,,,
4,/sme-india/maharashtra/mumbai/cama-export-import-co,,,,,,,,,
4,/sme-india/maharashtra/mumbai/canter-engineers-p-ltd,,,,,,,,,
4,/sme-india/maharashtra/mumbai/capita-offshore-services-pvt-ltd,,,,,,,,,
4,/sme-india/maharashtra/mumbai/capital-foods-exports-pvt-ltd,,,,,,,,,
4,/sme-india/maharashtra/mumbai/cargo-gear-services-india-pvt-ltd,,,,,,,,,
4,/sme-india/maharashtra/mumbai/cbl-combustion-systems-ltd,,,,,,,,,
4,/sme-india/maharashtra/mumbai/ccg-india-pvt-ltd,,,,,,,,,
4,/sme-india/maharashtra/mumbai/ccl-softlabs-a-div-of-ccl-optoelectronics-pvt-ltd,,,,,,,,,
4,/sme-india/maharashtra/mumbai/cee-gee-textiles,,,,,,,,,
4,/sme-india/maharashtra/mumbai/cfc-india-services-pvt-ltd,,,,,,,,,
4,/sme-india/maharashtra/mumbai/champak-industries,,,,,,,,,
4,/sme-india/maharashtra/mumbai/champak-plastics-pvt-ltd,,,,,,,,,
4,/sme-india/maharashtra/mumbai/champak-steel-engg-co,,,,,,,,,
4,/sme-india/maharashtra/mumbai/champak-steel-and-engineering-co,,,,,,,,,
4,/sme-india/maharashtra/mumbai/chandra-export,,,,,,,,,
4,/sme-india/maharashtra/mumbai/charishma-tours-travels,,,,,,,,,
4,/sme-india/maharashtra/mumbai/charmi-enterprises,,,,,,,,,
4,/sme-india/maharashtra/mumbai/chawla-interbild-construction-co-pvt-ltd,,,,,,,,,
4,/sme-india/maharashtra/mumbai/chem-verse-consultants-india-pvt-ltd,,,,,,,,,
4,/sme-india/maharashtra/mumbai/chem-verse-consultants-india-pvt-ltd,,,,,,,,,
4,/sme-india/maharashtra/mumbai/chemapol-industrial,,,,,,,,,
4,/sme-india/maharashtra/mumbai/chemax-multikotes-i-pvt-ltd,,,,,,,,,
4,/sme-india/maharashtra/mumbai/chemco-plastic-industries-p-ltd,,,,,,,,,
4,/sme-india/maharashtra/mumbai/chemetall-rai-india-limited,,,,,,,,,
4,/sme-india/maharashtra/mumbai/chemithon-engineers-pvt-ltd,,,,,,,,,
4,/sme-india/maharashtra/mumbai/chempro-expertise-p-ltd,,,,,,,,,
4,/sme-india/maharashtra/mumbai/chempro-inspections-p-ltd,,,,,,,,,
4,/sme-india/maharashtra/mumbai/chemtrols-industries-ltd,,,,,,,,,
4,/sme-india/maharashtra/mumbai/chinsri-pharmaceuticals,,,,,,,,,
4,/sme-india/maharashtra/mumbai/chit-span-exim-india,,,,,,,,,
4,/sme-india/maharashtra/mumbai/choudhary-exports,,,,,,,,,
4,/sme-india/maharashtra/mumbai/chunilal-khanna-co,,,,,,,,,
4,/sme-india/maharashtra/mumbai/cisco-systems-india-pvt-ltd,,,,,,,,,
4,/sme-india/maharashtra/mumbai/citizen-scale-p-ltd,,,,,,,,,
4,/sme-india/maharashtra/mumbai/clover-technologies-pvt-ltd,,,,,,,,,
4,/sme-india/maharashtra/mumbai/cmp-pvt-ltd,,,,,,,,,
4,/sme-india/maharashtra/mumbai/coconut-softwares-pvt-ltd,,,,,,,,,
4,/sme-india/maharashtra/mumbai/colour-impex,,,,,,,,,
5,/sme-india/maharashtra/mumbai/comart-gilchrist-international-pvt-ltd,,,,,,,,,
5,/sme-india/maharashtra/mumbai/cona-industries,,,,,,,,,
5,/sme-india/maharashtra/mumbai/concord-hydraulics-pvt-ltd,,,,,,,,,
5,/sme-india/maharashtra/mumbai/concorde-overseas,,,,,,,,,
5,/sme-india/maharashtra/mumbai/conquest-steel-alloys,,,,,,,,,
5,/sme-india/maharashtra/mumbai/consite-engineering-co-ltd,,,,,,,,,
5,/sme-india/maharashtra/mumbai/consumers-plastics-p-ltd,,,,,,,,,
5,/sme-india/maharashtra/mumbai/control-case-india-pvt-ltd,,,,,,,,,
5,/sme-india/maharashtra/mumbai/coral-telecom-ltd,,,,,,,,,
5,/sme-india/maharashtra/mumbai/corrpro-corposion-control-india-p-ltd,,,,,,,,,
5,/sme-india/maharashtra/mumbai/corrpro-corrosion-control-india-pvt-ltd,,,,,,,,,
5,/sme-india/maharashtra/mumbai/cosmic-lumieres,,,,,,,,,
5,/sme-india/maharashtra/mumbai/cosmic-traffic-systems,,,,,,,,,
5,/sme-india/maharashtra/mumbai/cots-garments-india,,,,,,,,,
5,/sme-india/maharashtra/mumbai/craftway-engineers-ltd,,,,,,,,,
5,/sme-india/maharashtra/mumbai/creative-india-exports,,,,,,,,,
5,/sme-india/maharashtra/mumbai/creative-it-india-pvt-ltd,,,,,,,,,
5,/sme-india/maharashtra/mumbai/credence-analytics-india-pvt-ltd,,,,,,,,,
5,/sme-india/maharashtra/mumbai/crescent-exports,,,,,,,,,
5,/sme-india/maharashtra/mumbai/crompton-greaves-ltd,,,,,,,,,
5,/sme-india/maharashtra/mumbai/crp-technologies-india-pvt-ltd,,,,,,,,,
5,/sme-india/maharashtra/mumbai/cruiser-controls,,,,,,,,,
5,/sme-india/maharashtra/mumbai/crystal-solutions-pvt-ltd,,,,,,,,,
5,/sme-india/maharashtra/mumbai/d-decor-exports,,,,,,,,,
5,/sme-india/maharashtra/mumbai/d-n-h-secheron-electrodes-pvt-ltd,,,,,,,,,
5,/sme-india/maharashtra/mumbai/d-global-trade-impex,,,,,,,,,
5,/sme-india/maharashtra/mumbai/d-r-coats-ink-resins-pvt-ltd,,,,,,,,,
5,/sme-india/maharashtra/mumbai/d-s-enterprises,,,,,,,,,
5,/sme-india/maharashtra/mumbai/da-surya-shakti,,,,,,,,,
5,/sme-india/maharashtra/mumbai/dalichand-raichand-doshi,,,,,,,,,
5,/sme-india/maharashtra/mumbai/dalmia-construction-co,,,,,,,,,
5,/sme-india/maharashtra/mumbai/daman-polymers-india,,,,,,,,,
5,/sme-india/maharashtra/mumbai/dar-rama-impex,,,,,,,,,
5,/sme-india/maharashtra/mumbai/darshan-international,,,,,,,,,
5,/sme-india/maharashtra/mumbai/darvesh-exports,,,,,,,,,
5,/sme-india/maharashtra/mumbai/dave-technical-services,,,,,,,,,
5,/sme-india/maharashtra/mumbai/daya-lubricants-pvt-ltd,,,,,,,,,
5,/sme-india/maharashtra/mumbai/daynite-eng-cont-pvt-ltd,,,,,,,,,
5,/sme-india/maharashtra/mumbai/daynite-eng-cont-p-ltd,,,,,,,,,
5,/sme-india/maharashtra/mumbai/dcms-engineering-co,,,,,,,,,
5,/sme-india/maharashtra/mumbai/dcor-india,,,,,,,,,
5,/sme-india/maharashtra/mumbai/deejay-distilleries,,,,,,,,,
5,/sme-india/maharashtra/mumbai/deep-end-food-creatives,,,,,,,,,
5,/sme-india/maharashtra/mumbai/deepesh-exports-pvt-ltd,,,,,,,,,
5,/sme-india/maharashtra/mumbai/delta-filters-separators-pvt-ltd,,,,,,,,,
5,/sme-india/maharashtra/mumbai/delta-p-d-pumps-pvt-ltd,,,,,,,,,
5,/sme-india/maharashtra/mumbai/delta-services-india-pvt-ltd,,,,,,,,,
5,/sme-india/maharashtra/mumbai/delta-storage-systems-p-ltd,,,,,,,,,
5,/sme-india/maharashtra/mumbai/delta-storage-systems-pvt-ltd,,,,,,,,,
5,/sme-india/maharashtra/mumbai/deltamike-specialty-products-p-ltd,,,,,,,,,
